,id,name,value,category,mid,roomid,uname,sign,title,area_p,area,tags
0,0,老实憨厚的子衿,2078,26,271815944,23718393,老实憨厚的子衿,直播时间：调整为每天12点开播，一周会找一天休息！,,网游,永劫无间,
1,2,贝拉kira,8651,3,672353429,22632424,贝拉kira,元气满满的A-SOUL舞担参上~目标TOP IDOL，一起加油！,虚拟偶像团体A-SOUL 所属艺人,虚拟主播,虚拟主播,"舞蹈,二次元,虚拟偶像"
2,4,薇Steria,2299,7,1112031857,22924075,薇Steria,喜欢观察人类的森林书记官，梦想成为文豪偶像！组号@薇薇的植物园,bilibili直播高能主播,虚拟主播,虚拟主播,薇Steria
3,6,向晚大魔王,9614,3,672346917,22625025,向晚大魔王,关注...也不是不可以啦！,虚拟偶像团体A-SOUL 所属艺人,虚拟主播,虚拟主播,真·首播
4,7,乃琳Queen,9190,3,672342685,22625027,乃琳Queen,喜欢听你说，开心和不开心的，都告诉我吧~,虚拟偶像团体A-SOUL 所属艺人,虚拟主播,虚拟主播,"虚拟偶像,二次元"
5,8,烤鱼子Official,2530,8,592507317,22259479,烤鱼子Official,,,单机游戏,其他单机,"烤鱼子,摸鱼"
6,10,呜米,10064,1,617459493,22384516,呜米,光能雪狼呜米喵~想要成为大家的爱↗↘抖露，努力进步，在舞台上kirakira~ 微博：呜米嗷呜,bilibili 知名UP主、直播高能主播,虚拟主播,虚拟主播,"呜米,虚拟主播,kira kira,晚九点直播"
7,12,舒三妈Susam,2345,4,6853766,3032130,舒三妈Susam,虚拟艺人团体VirtuaReal成员丨随心而动的人 随性而动的人  一般通过BOT丨商务合作联系bd@vrp.live,,虚拟主播,虚拟主播,"游戏,虚拟主播,VUP,VirtuaReal,音乐"
8,14,张恩恩NNN,2995,4,36416972,860677,张恩恩NNN,热衷沙雕挑战，探店逛展的绝不社死星人！商务合作请直接私信~,Vlog领域优质UP主,娱乐,视频聊天,"张恩恩,唱见,沙雕,温柔,颜值"
9,15,尤格Yog,3219,4,690608709,23550749,尤格Yog,虚拟艺人团体VirtuaReal成员，普通的高中打工宅男！商务合作联系bd@vrp.live,bilibili直播高能主播,虚拟主播,虚拟主播,
10,16,宣小纸不怕火,2798,14,3461582034045213,26276187,宣小纸不怕火,纸有一点急，一点！,,虚拟主播,虚拟主播,
11,18,小可学妹,5838,1,14387072,6374209,小可学妹,虚拟艺人团体VirtuaReal成员，古灵精怪小吃货小可学妹。商务合作：bd@vrp.live,bilibili 知名音乐UP主、直播高能主播,虚拟主播,虚拟主播,"萌妹,唱见,开口跪,沙雕,虚拟主播,美女,V圈内卷第一人,吃货,笑声嘎嘎响,游戏打的狗屁不是,纯素颜主播,亲子,母爱,好大儿,我是妈妈啊孩子,智慧型主播"
12,20,乙女音Official,2190,2,406805563,21320551,乙女音Official,东晋传说乙女音！欢迎打钱！谢谢打钱！想要5000兆円！请叫我oto酱！烤肉审核：967458726（招校对）,bilibili 直播高能主播,虚拟主播,虚拟主播,"ちゅこらら,乙女おと,VTUBER,虚拟主播,日语,虚拟UP主"
13,23,鈴宮鈴,3295,2,480432362,21685677,鈴宮鈴,ちゅこらら(Chucolala) LOL天使　妈妈paryi 　推特@rin_suzumiyaa,bilibili 直播高能主播,虚拟主播,虚拟主播,
14,24,中国BOY超级大猩猩,5280,6,562197,65515,中国BOY超级大猩猩,新浪 @中国BOY-Hans,bilibili 2021百大UP主、知名UP主,单机游戏,主机游戏,中国BOY
15,21,古守血遊official,3942,2,2299184,8725120,古守血遊official,Chucolala所属古守ちゆ  妈妈：paryi,bilibili 直播高能主播,虚拟主播,虚拟主播,
16,27,罗伊_Roi,3210,4,480745939,21696953,罗伊_Roi,虚拟艺人团体VirtuaReal成员，总是被钻石和星光围绕着的异世界的王子，商务合作bd@vrp.live,bilibili 直播高能主播,虚拟主播,虚拟主播,"虚拟主播,VirtuaReal,VTUBER,罗伊Roi,NIJISANJI"
17,11,咩栗,11803,1,745493,8792912,咩栗,电击小羊，羊名立万✨    ❖微博:电击咩阿栗❖ ,bilibili 知名UP主、直播高能主播,电台,聊天电台,咩栗
18,28,文韬Stefan,14896,15,412504829,21996307,文韬Stefan,,2021年度巅峰主播、名侦探学院成员文韬,单机游戏,主机游戏,
19,31,魔狼咪莉娅,3144,2,1838190318,24643640,魔狼咪莉娅,梦想是成为出色的魔王！个人vtuber　https://twitter.com/marou_miriya,bilibili 知名虚拟UP主,虚拟主播,虚拟主播,
20,32,夢乃栞Yumeno_Shiori,2520,2,372984197,14052636,夢乃栞Yumeno_Shiori,おは堕天使*ଘ(੭*ˊᵕˋ)੭ ,bilibili 直播高能主播,虚拟主播,虚拟主播,"vtuber,虚拟主播,shiori,P家,虚拟UP主"
21,26,椎名菜羽Official,4228,2,623441612,22347054,椎名菜羽Official,我是虚拟吸血姬 椎名菜羽 喜欢弹琴和唱歌~ ·#椎名菜羽# #菜羽art# #菜羽schedule#,bilibili 直播高能主播,虚拟主播,虚拟主播,
22,33,Yommyko,2809,8,14272337,21263282,Yommyko,小由！喜欢打游戏，偏爱FPS的憨憨少女，谢谢你的关注，B站直播！日常在微博Yommyko 直播通知群:720633962,bilibili 知名游戏UP主、直播高能主播,单机游戏,主机游戏,"可爱,搞笑,皮,彩六UP,萌妹,APEX,主机游戏"
23,35,帅比笙歌超可爱OvO,4944,1,15641218,573893,帅比笙歌超可爱OvO,psplive所属 国风温柔美少女歌势 ,bilibili 知名虚拟UP主、直播高能主播,虚拟主播,虚拟主播,
24,36,七海Nana7mi,8880,3,434334701,21452505,七海Nana7mi,虚拟艺人团体VirtuaReal成员 七海Nana7mi 商务合作：bd@vrp.live ,虚拟UP主、bilibili直播高能主播,虚拟主播,虚拟主播,"七海,海子姐,个人演唱会"
25,39,黄子弘凡-Lars,4671,15,544142239,23810121,黄子弘凡-Lars,青年歌手 /演员 黄子弘凡  合作联系：hzhfnaobujianla@163.com,歌手、演员黄子弘凡,单机游戏,主机游戏,
26,40,红晓音Akane,3090,1,899804,411318,红晓音Akane,psplive所属。喜欢唱歌的魔法少女，被迫早起的悲惨社畜，与你相遇就是最美的魔法！妈妈是@皐月深鈴。,bilibili 直播高能主播,虚拟主播,虚拟主播,"虚拟UP主,虚拟主播,红晓音,魔法少女,VTuber"
27,42,奈奈莉娅Channel,2756,1,489146840,22301377,奈奈莉娅Channel,个人势 以偶像为目标正在努力着！ ⭐ 这世界上没有偶然，有的只是必然，我们的相遇亦是如此,bilibili 知名虚拟UP主、直播高能主播,虚拟主播,虚拟主播,"虚拟主播,吸血鬼,奈奈莉娅,VTB,奈奈莉娅,VUP,可爱"
28,44,泠鸢yousa,3300,2,282994,47377,泠鸢yousa,虚拟艺人团体VirtuaReal Star成员，每周六20:30 b站直播。商洽联络人：lujingyuan@bilibili.com,bilibili 2021百大UP主、直播高能主播,虚拟主播,虚拟主播,虚拟主播
29,46,九重紫Official,3699,2,225347042,9162799,九重紫Official,歪果仁│个人势│亚人动漫小巫女│做视频&直播│啊加嘛似嘛似＝谢谢│努力学习中文中│给粉丝水群用1015617093,bilibili 直播高能主播,虚拟主播,虚拟主播,"九重紫,虚拟主播,ここのゆ,聊天,游戏,唱歌"
30,47,秋凛子Rinco,2730,1,479633069,21677969,秋凛子Rinco,psplive所属。神社网这么破，活该没人来！【6G信号的神社：908926777】,bilibili 直播高能主播,虚拟主播,虚拟主播,
31,49,绯赤艾莉欧_NHOTBOT,2070,2,407106379,21396545,绯赤艾莉欧_NHOTBOT,幻想骑士团团长绯赤erio chucolala所属   联动及工商请投至hisekieriooffice@gmail.com,bilibili 知名虚拟UP主、直播高能主播,虚拟主播,虚拟主播,"绯赤艾莉欧,艾莉欧的骑士团"
32,50,勾檀Mayumi,2034,7,690608693,22778610,勾檀Mayumi,虚拟艺人团体VirtuaReal成员，一起逃向自由吧。商务合作：bd@vrp.live,bilibili 直播高能主播,虚拟主播,虚拟主播,"virtuareal,游戏,唱歌,虚拟主播,VUP"
33,29,蒲熠星,18167,15,226102317,21281833,蒲熠星,工作联系eazinone@163.com,艺人，游戏主播蒲熠星,网游,永劫无间,
34,51,蕾蕾大表哥,2835,19,867152,81414,蕾蕾大表哥,好软好甜的蕾蕾大表哥啊！(*´﹃｀*) 微博@Tsubomixy,bilibili 直播高能主播,网游,英雄联盟,英雄联盟
35,53,夏诺雅_shanoa,3792,2,1612112,1321846,夏诺雅_shanoa,Neet猫猫 Vtuber,bilibili 直播高能主播,电台,聊天电台,
36,54,花园Serena,3060,2,380829248,14327465,花园Serena,主人饲养的猫猫，花園セレナ是也！,bilibili 知名虚拟UP主、直播高能主播,虚拟主播,虚拟主播,"花園セレナ,Vtuber,花园Serena"
37,55,dodo_Official,3038,17,1855519979,23945626,dodo_Official,每天能打16小时Dota2的分女又！,DOTA2虚拟主播dodo,网游,DOTA2,
38,17,卡缇娅也不知道鸭,4046,1,1011797664,24697117,卡缇娅也不知道鸭,人哪有不疯的，跑起来就有疯了！,星律动Nebula Beat旗下艺人,电台,聊天电台,
39,57,LGDPYL116,3329,16,651731017,22439496,LGDPYL116,英雄联盟官方解说，商务合作vx：LGDyuki,LGD PYL官方账号、bilibili 直播高能主播,网游,英雄联盟,"电竞贵妇,护国神牛,LGD老队长,前职业选手,官方解说"
40,59,花花Haya,7543,5,269415357,7688602,花花Haya,普罗维登企划所属~来自雪国的精灵酒馆老板花花Haya! 商务合作联系haya@pdplive.net,bilibili 知名虚拟UP主、直播高能主播,虚拟主播,虚拟主播,"唱见,虚拟主播,虚拟up主"
41,61,小缘,5561,9,5055,263605,小缘,新浪微博：@小缘喵     网易云:小缘喵    合作请联系邮箱：2117516485@qq.com,bilibili 2018百大UP主、 知名唱见、直播高能主播,娱乐,萌宅领域,"歌手,唱见,小缘,196"
42,95,恬豆发芽了,3276,14,1660392980,23771189,恬豆发芽了,咦？这里有颗豆豆好像快要发芽了。,虚拟偶像团体四禧丸子 成员,虚拟主播,虚拟主播,
43,62,飞天狙想要努力变胖,11234,13,51628309,23197314,飞天狙想要努力变胖,一个为游戏而生的玩家 APEX现役职业选手  合作vx：Super-cory（备注来意）,bilibili 知名游戏UP主、直播高能主播,网游,APEX英雄,
44,64,艾露露Ailurus,3030,1,1501380958,22746343,艾露露Ailurus,虚研社二期生，凹凸世界第四季OP演唱者，希望我们都能善良的爱着彼此。我是一个正在追逐梦想的小熊猫，我想用歌声表达我所看见的世界。,bilibili 直播高能主播,虚拟主播,虚拟主播,
45,66,星弥Hoshimi,2400,7,477342747,21672022,星弥Hoshimi,认真去做每一件事！⭐你的心意一定会得到回应 | 虚拟艺人团体VirtuaReal成员 ｜商务合作：bd@vrp.live,bilibili知名虚拟UP主、直播高能主播,虚拟主播,虚拟主播,"星弥Hoshimi,虚拟主播,原神,NIJISANJI,彩虹社,Vtuber,Vup,VirtuaReal"
46,67,温柔的安酱,2189,21,14313134,968427,温柔的安酱,开心最重要 这次真的不改了哦：）,bilibili 知名UP主、直播高能主播,手游,原神,"人皇,第五人格"
47,41,东爱璃Lovely,5925,1,3821157,21692711,东爱璃Lovely,psplive所属 主打的就是正能量 擅长但又不是那么擅长唱歌 杂谈 整活的小狍子是也????商业合作：info@psplive.com,bilibili 知名虚拟UP主、直播高能主播,虚拟主播,虚拟主播,
48,48,星汐Seki,6150,1,51030552,1603600,星汐Seki,PSPlive所属的星星星汐seki，也可以叫我小七~是17岁美少女！开心就完事了嗷！,bilibili 直播高能主播,虚拟主播,虚拟主播,"虚拟主播,vup,PSP"
49,70,星宮汐Official,3484,2,402417817,22047448,星宮汐Official,https://twitter.com/Hosimiya_Sio,bilibili 知名虚拟UP主、直播高能主播,虚拟主播,虚拟主播,"星宮汐,星宮明"
50,71,老番茄,10800,6,546195,21852,老番茄,新浪微博：_老番茄_,bilibili 2021百大UP主、知名UP主,手游,原神,老番茄
51,72,黎歌Neeko,3019,1,671538942,22571722,黎歌Neeko,虚研社3.5期生，一只永远不会咕的鸽子，嘎～希望你喜欢我久一点...很喜欢一句话：可以不喜欢，但请不要否定别人的努力 ,bilibili 直播高能主播,虚拟主播,虚拟主播,"黎歌,鸽歌,Vup,唱歌"
52,73,杜松子_Gin,2542,1,471460273,22195814,杜松子_Gin,是下岗偶像。最强虚拟声优（自称。 希望有一天能重返舞台    配音作品：《明日方舟》艾雅法拉、桃金娘  录播@金金组新宣传科,bilibili 知名虚拟UP主、直播高能主播,虚拟主播,虚拟主播,"Vtuber,Vup,虚拟主播,虚拟up主,唱歌,整活,搞笑艺人,下岗偶像,知名尿裤子主播,vtb,专业配音演员,配音大师,最强虚拟声优,声优,谦虚的艺术家,牛牛,不知名女明星,妈妈活"
53,75,冰糖IO,2117,1,198297,876396,冰糖IO,既是UP主也是虚拟主播（个人），同时还是3D动画师！ 制作：动画、配音、游戏实况、音乐、虚拟现实。 商洽联络人vx：15000251667,bilibili 知名UP主、直播高能主播,虚拟主播,虚拟主播,"冰糖IO,国V,虚拟主播,VUP,VTuber,个人势,清楚系"
54,76,蕾尔娜Leona,4096,1,473244363,22992234,蕾尔娜Leona,【光年神话·十二宫企划所属】周二休息晚20：00播，商务私信,bilibili 知名虚拟UP主、直播高能主播,虚拟主播,虚拟主播,"虚拟主播,vup,up主,原神"
55,78,桃几OvO,2689,7,1104048496,22642754,桃几OvO,中日英粤歌势韩语正在学习。无社团有公会 账号本人独自运营。联动投稿&商业合作请私信。,2021年度巅峰主播、bilibili 直播高能主播,电台,唱见电台,
56,30,花少北丶,24930,6,2206456,81711,花少北丶,精神分裂症+间歇性失忆症 微博：花少北   工作邮箱:986643586@qq.com,bilibili 2021百大UP主、2021直播年度人气奖、2021年度巅峰主播、知名UP主,单机游戏,主机游戏,
57,25,某幻君,25020,6,1577804,271744,某幻君,有事私信新娘浪微博@某幻今天拖更了没,bilibili 2021百大UP主、 知名UP主,单机游戏,主机游戏,单机游戏
58,77,路希维德Wiede,4246,1,2006452883,24778741,路希维德Wiede,【光年神话·十二宫企划所属】路希维德wiede 直播时间为：每天中午12点，2.4.6晚上加播8点场！星期三哦呀斯密！,bilibili 知名虚拟UP主、直播高能主播,虚拟主播,虚拟主播,"vup,摩羯座,光年神话,虚拟偶像,十二星座,大小姐"
59,79,棉花大哥哥,5187,10,1871001,34348,棉花大哥哥,商业合作qq237216991 bb空间代言人，专业的非洲抽奖主播。。天选中奖把支付宝填在地址上周末不发奖,2021年度巅峰主播、bilibili 知名游戏UP主、直播高能主播,手游,原神,原神
60,81,麻尤米mayumi,2167,31,1265605287,25061813,麻尤米mayumi,个人势 主杂谈 二四六七直播 希望米尤麻们天天开心^_^,,虚拟主播,虚拟主播,"麻尤米mayumi,麻尤米"
61,83,花园花玲,5070,9,7966,597450,花园花玲,配音演员的花玲，直播是兴趣，随缘播。,bilibili 知名UP主,虚拟主播,虚拟主播,"CSGO,绝地求生：大逃杀,声优"
62,58,赵俊日,3944,16,66556492,22174141,赵俊日,英雄联盟官方解说，商务邮箱联系 wubin01@bilibili.com,游戏解说赵俊日、bilibili直播高能主播,网游,英雄联盟,
63,86,多多poi丶,6535,9,11253297,392523,多多poi丶,日常会分享在微博～@多多poi丶 / 商务合作请联系邮箱：DDpoi@qq.com ,bilibili 2021百大UP主、直播高能主播、配音演员、声优,虚拟主播,虚拟主播,"声优,Vup,虚拟主播,唱歌,英雄联盟"
64,89,巴老师的小号,2532,1,1588646945,25206807,巴老师的小号,去摘遥不可及的星⭐ （真的是本人大号呜呜呜）,,虚拟主播,虚拟主播,
65,63,甜药Jamren,13684,13,106017013,13308358,甜药Jamren,前ALGS职业选手、国内杯赛冠军、现职业队教练、赛季末天榜猎杀21名，专业教学up，专业Apex赛事解说。合作vx：Super-cory,bilibili 知名游戏UP主、直播高能主播,网游,APEX英雄,
66,91,白神遥Haruka,7110,1,477332594,21652717,白神遥Haruka,psplive所属，爱睡觉和打游戏的一只海豹JK(:3っ)∋想成为大家的光，妈妈是@Bison仓鼠,bilibili 知名UP主、直播高能主播,虚拟主播,虚拟主播,
67,93,龙哥哥今天又鸽了,7334,20,37804608,4283606,龙哥哥今天又鸽了,定一个新的目标。QQ水友群748140736，直播通知群：436664948,bilibili直播高能主播,手游,明日方舟,
68,3,嘉然今天吃什么,19908,3,672328094,22637261,嘉然今天吃什么,这里是嘉然！别看我小小的，我超能吃还超可爱的哦~,2021年度虚拟UP主、bilibili 2021百大UP主、虚拟偶像团体A-SOUL 所属艺人,虚拟主播,虚拟主播,
69,97,AG超玩会王者荣耀一诺,8087,11,472755538,23919301,AG超玩会王者荣耀一诺,成都AG超玩会发育路选手；关注三连享受更多快乐！,AG超玩会一诺，KPL职业选手,手游,王者荣耀,
70,99,月隐空夜,4140,5,49631892,21292831,月隐空夜,我永远喜欢言峰绮礼！普罗维登oi成员，每晚19点直播！商务QQ：271374252，直播通知群1014701277，同人配音/翻唱可直接私信,bilibili 知名游戏UP主、直播高能主播,手游,明日方舟,
71,101,物述有栖Official,3570,2,434565011,21449083,物述有栖Official,我还在学中文，但也想来bilibili和大家一起开愉快的茶会！请多关照啦！,日本虚拟UP主、bilibili 直播高能主播,虚拟主播,虚拟主播,
72,102,杜铂雷Dobre,2084,4,1294678093,25166222,杜铂雷Dobre,个人势Vup  | 杂谈游戏势 | 寄宿着杜宾犬灵魂的杜教官 | 直播通知群：592541226,bilibili直播高能主播,虚拟主播,虚拟主播,"Vup,游戏,杂谈,虚拟主播,Switch,Steam,Vtuber"
73,87,希月萌奈,5370,1,591892279,22889484,希月萌奈,✨治愈系虚拟鲸鱼✨    联动/商务合作请联系：@鼠标Office,bilibili 知名虚拟UP主、直播高能主播,虚拟主播,虚拟主播,"Vtuber,Vup,虚拟主播,可爱,杂谈,智商极高,清楚,治愈"
74,94,血狼破军,7546,20,267766441,8432038,血狼破军,请不要在无关的地方刷我，互相尊重，互相理解闲聊群：225258146,bilibili 知名游戏UP主、直播高能主播,手游,明日方舟,"明日方舟,娱乐主播,危机合约,测评攻略,集成战略"
75,103,shourei小N,7721,9,249118,363889,shourei小N,努力早日退休的配音演员 蒋丽（私信不看啦）,bilibili 知名UP主,虚拟主播,虚拟主播,"声优,配音演员"
76,104,LexBurner,6570,6,777536,11365,LexBurner,新浪微博：http://weibo.com/lexburner ,2021年度巅峰主播、bilibili 知名UP主,单机游戏,其他单机,
77,69,美月もも,8723,2,2073012767,23698286,美月もも,日本社畜系VTuber｜个人势｜もゆ,bilibili 知名虚拟UP主,虚拟主播,虚拟主播,
78,5,内德维德,7438,7,90873,5424,内德维德, ,bilibili 音乐人,虚拟主播,虚拟主播,音乐
79,84,宴宁ccccc,7968,9,14897804,7953876,宴宁ccccc,已经不需要魔法了！（偶尔冲浪 不看消息） ,bilibili 知名UP主,虚拟主播,虚拟主播,
80,107,妙妙子Official,2356,19,674539396,22495291,妙妙子Official,打游戏的,bilibili 直播高能主播,网游,英雄联盟,"英雄联盟,嘴甜主播"
81,108,穆小泠Official,2830,1,43272050,21646457,穆小泠Official,❤️有点沙雕的个人势虚拟UP主 ❤️可萌可御多声线吸血鬼 ❤️淘宝：小泠的甜品阁 ❤️商务合作请邮件MXL_43272050@163.com,bilibili 知名虚拟UP主、直播高能主播,虚拟主播,虚拟主播,"虚拟UP主,唱见,多声线转换,虚拟主播,吸血鬼"
82,105,解说Mage,3873,16,472497932,22508985,解说Mage,英雄联盟官方解说，商务邮箱联系：wubin01@bilibili.com,哔哩哔哩电竞签约艺人，英雄联盟官方解说、直播高能主播,网游,英雄联盟,
83,109,花丸晴琉Official,2340,2,441381282,21547895,花丸晴琉Official,我是虚拟主播花丸晴琉！我最喜欢唱歌了！和我做朋友吧！,bilibili 知名UP主、直播高能主播,虚拟主播,虚拟主播,花丸晴琉
84,110,虚拟小萨,3833,4,6415072,43241,虚拟小萨,萨，三尺薄命，一介书生。  商务合作+Q2448662934（不是本人） 玹云社班主、＜VECTOR＞,bilibili 知名虚拟UP主,虚拟主播,虚拟主播,"vup,杂谈,虚拟主播,虚拟UP主"
85,111,木糖纯Official,2040,5,54191665,8643223,木糖纯Official,永不毕业的个人势，养老配音员。自闭系。配音、翻唱。商务合作Q：3164254440,bilibili 知名虚拟UP主、直播高能主播,虚拟主播,虚拟主播,
86,112,有棵里里,2016,1,12939237,264788,有棵里里,雪域Provealms所属小妹魔！ 粉丝群：660702422 合作请联系provealms@foxmail.com,bilibili直播高能主播,虚拟主播,虚拟主播,"vup,虚拟主播,VTuber,新人,唱歌"
87,43,雪狐桑,6143,1,477792,24393,雪狐桑,一期一会,bilibili 知名虚拟UP主、直播高能主播,虚拟主播,虚拟主播,
88,113,夏川玥玥Official,2375,1,1802011210,22758221,夏川玥玥Official,个人势小玉兔玥玥，可能有点傻乎乎的，请多多指教啦~商务合作请私信联系,bilibili 知名UP主、直播高能主播,虚拟主播,虚拟主播,
89,114,祖娅纳惜,2670,30,3046429,938957,祖娅纳惜,VirtuaReal Star成员。商务/非商合作请联系邮箱trinety@foxmail.com  QQ24982271,bilibili 2020百大UP主、知名UP主、直播高能主播,虚拟主播,虚拟主播,"祖娅纳惜,虚拟主播,唱见,蛀牙,VirtuaReal,VirtuaReal,囍"
90,115,艾尔莎_Channel,3460,5,1521415,81004,艾尔莎_Channel,Redcircle与虚研社所属Vliver 冒险家艾尔莎！一起来狩猎薯条吧！,bilibili 知名虚拟UP主、直播高能主播,虚拟主播,虚拟主播,"虚拟主播,VUP,Vliver,虚拟up"
91,116,小绝,3041,28,275981,5367,小绝,专业FPS玩家 前守望先锋 绝地求生职业选手 微博：@小绝不小了 商务合作VX：Mercury157,bilibili 知名游戏UP主、直播高能主播,网游,APEX英雄,"FPS,小绝,RTS"
92,118,草莓猫Taffy,4162,32,1210816252,26421197,草莓猫Taffy,我是草莓猫！,,虚拟主播,3D虚拟主播,杂谈
93,119,飙黑车的司机,7310,12,14781725,3066386,飙黑车的司机,商业合作请联系 QQ:372095731或者VX:a15221686053，中了红包私信房管鹿鹿嗷嗷嗷，实物填写地址,bilibili 直播高能主播,手游,第五人格,"声控,恐怖单机,尬聊,第五人格,屠皇,搞笑"
94,120,猫芒ベル_Official,2520,2,487550002,21811136,猫芒ベル_Official, ViViD所属的Vtuber。见习魔女。‍#猫芒照相馆#,bilibili 直播高能主播,虚拟主播,虚拟主播,"#猫芒bell#,#猫芒照相馆#,可爱,萌宠"
95,121,恋乃夜舞_propro,3413,2,1900434152,23105590,恋乃夜舞_propro,来自日本的虚拟主播、ProProProduction二期生的恋乃夜舞（KOINOYA MAI）,,虚拟主播,虚拟主播,
96,122,莞儿睡不醒,3254,3,1875044092,25512476,莞儿睡不醒,天才小厨娘也要做偶像！,乐华娱乐旗下虚拟女团企划EOE组合成员,虚拟主播,虚拟主播,
97,56,露米Lumi_Official,4684,7,2000609327,25977291,露米Lumi_Official,姐姐说过，我的歌声中闪耀着光，就叫Lumière露米吧。,,虚拟主播,虚拟主播,
98,90,雪绘Yukie,3870,1,56748733,21756924,雪绘Yukie,虚拟艺人团体VirtuaReal成员，法之律者桃濑雪绘~商务合作：bd@vrp.live,bilibili 直播高能主播,虚拟主播,虚拟主播,"Vtuber,雪绘Yukie,虚拟主播"
99,38,雫るる_Official,10470,2,387636363,21013446,雫るる_Official,对不起我是天才 合作联系sizukululu@gmail.com 粉丝群在置顶文章里 ,bilibili 直播高能主播,电台,聊天电台,
100,123,凛-阿格里亚斯,2172,4,2650919,3525213,凛-阿格里亚斯,直播禁言通知群1035695532！,bilibili 知名虚拟UP主、直播高能主播,虚拟主播,虚拟主播,
101,85,早稻叽,7462,1,1950658,41682,早稻叽,<ChaosLive>励志给人类带来幸福的光之恶魔✨❤微博@纯白早稻叽✨商务合作请戳：911998640,bilibili 知名虚拟UP主、直播高能主播,虚拟主播,虚拟主播,"VTUBER,VUP,虚拟主播,歌姬,早稻叽,虚拟UP主"
102,82,明前奶绿,7203,3,2132180406,25034104,明前奶绿,海浪会来，生活总会继续。商务联系：suibian1111111@outlook.com,,虚拟主播,虚拟主播,
103,126,早凉,2280,1,518817,5169315,早凉,个猫势vup 来自异世界的天才机器猫 是喜欢唱歌的闪光虚拟胖丁 ｜网易云@早凉 合作请私信 ｜总有人是要成功的 那为什么不能是我,bilibili 知名虚拟UP主、直播高能主播,虚拟主播,虚拟主播,"鸽手,vup,机器猫,虚拟主播,虚拟胖丁,天才"
104,65,小柔Channel,6287,1,1734978373,22696954,小柔Channel,虚研社二期生小柔（ρ），自主型柔情三语歌唱AI，梦想成为超棒的歌手！愿歌声治愈你的心。合作/联动请发3034874932@qq.com,bilibili 知名虚拟UP主、直播高能主播,电台,聊天电台,小柔Channel
105,127,黑泽诺亚NOIR,2987,7,922573,251015,黑泽诺亚NOIR,隶属@幻想社Fantas1A的恶堕修女，本体是一条白色猪鼻蛇，歌势Vup，商业合作请联系QQ：2221142014 ,bilibili 知名虚拟UP主,虚拟主播,虚拟主播,
106,124,塔克Tako,5430,4,9066351,21737386,塔克Tako,hOuOu虚拟艺人团体成员。全地要放声高呼，要击鼓，跳舞，要享乐，要歌。商务：houou_project@163.com,bilibili 直播高能主播,虚拟主播,虚拟主播,"虚拟主播,Vup,虚拟UP主,唱见"
107,125,KB呆又呆,14100,6,389088,1010,KB呆又呆,家有短腿爱好游戏！合作邮箱BD@gamefire.cn ，qq670359047,2021年度巅峰主播、bilibili 知名UP主、直播高能主播,单机游戏,独立游戏,"1010,KBDYDNB,KBDYD"
108,60,瓶子君152,16560,5,730732,42062,瓶子君152,各位点个关注再走呗 商务合作联系vx/qq：787658276,bilibili 2020百大UP主、知名UP主,电台,聊天电台,"DOTA2,英雄联盟,CSGO"
109,106,神楽Mea_NHOTBOT,4590,2,349991143,12235923,神楽Mea_NHOTBOT,,bilibili 知名UP主、直播高能主播,虚拟主播,虚拟主播,"神乐Mea,虚拟主播,Vtuber"
110,129,小铃久绘Official,2185,1,1875094289,22754458,小铃久绘Official,甜品店打工猫娘，个人势vup兼职中!  ✿绘友群：795656840 ✿录播&二创：久绘猫娘咖  ✿合作请私信～,bilibili 知名虚拟UP主、直播高能主播,虚拟主播,虚拟主播,"VUP,虚拟主播,vtuber,小铃久绘"
111,131,v猫诺v,2775,34,70070,308543,v猫诺v,直播间:https://live.bilibili.com/308543每天12:30播到晚上9点左右啦,bilibili 知名游戏UP主、直播高能主播,单机游戏,主机游戏,"单机游戏,主机游戏,空洞骑士,勤劳喵喵,快乐勤劳,肉鸽"
112,133,成都AG超玩会丶久诚,4303,11,578768928,23919384,成都AG超玩会丶久诚,成都AG超玩会中路选手，点点关注呗~,王者荣耀成都AG超玩会职业选手久诚,手游,王者荣耀,
113,134,奈姬niki,3720,1,3035105,3415150,奈姬niki,每天都直播！wb： 奈姬niki加油努力,bilibili 知名虚拟UP主、直播高能主播,虚拟主播,虚拟主播,"vup,vtb,虚拟主播,可爱,清楚"
114,135,Fulgur-Official,6838,18,1281805827,25734481,Fulgur-Official,Do you read me? Fulgur Ovid Here. ,,虚拟主播,虚拟主播,
115,128,泛式,17580,5,63231,33989,泛式,谢谢你喜欢我的视频 | 微博: @泛式 | 淘宝店: 泛式的泛卖屋,bilibili 2021百大UP主、知名UP主、直播高能主播,电台,聊天电台,"泛式,视频聊天,聊天电台,明日方舟,原神,动漫"
116,137,黑桐谷歌,4170,22,43536,1029,黑桐谷歌,狸师傅  邮箱: 852236312@qq.com,bilibili 2019百大UP主、直播高能主播,单机游戏,主机游戏,"黑桐谷歌,最终幻想,生化危机,血源,仁王,死亡搁浅,模拟经营,艾尔登法环"
117,138,AIChannel中国绊爱,2820,14,484322035,21712406,AIChannel中国绊爱,嗨多磨！我是爱哥！商务合作请找@哎咿多工作室 合作邮箱：business@a1duo.com粉丝三群：175060574,中国绊爱官方账号,虚拟主播,虚拟主播,"中国绊爱,爱哥,AI,虚拟up主,聪明,成熟,可靠"
118,139,兰音Reine,3914,1,698029620,22696653,兰音Reine,音乐系VUP，永远爱国风古风，虚研社，梦想是自己的音乐可以被更多人听到。合作/联动请发2757776448@qq.com,bilibili 知名音乐UP主,虚拟主播,虚拟主播,"Vup,虚拟主播"
119,140,茉吱Mojuko,3590,2,1968783589,22926711,茉吱Mojuko,一只努力想让你开心的元气鼠鼠！商务联系：contact@yagimall.com,bilibili 知名虚拟UP主、直播高能主播,虚拟主播,虚拟主播,"茉吱,Mojuko,虚拟主播,虚拟偶像,Vup,Vtuber"
120,141,荔枝Kouun,5498,13,345564775,22734699,荔枝Kouun,天天开心.qq水友1群：711682858    2群：227614646,bilibili直播高能主播,网游,APEX英雄,
121,96,星瞳_Official,7786,3,401315430,22886883,星瞳_Official,国内首个虚拟时尚博主 炫舞系列虚拟代言人 合作联系xingtong_bd@tencent.com,bilibili 知名UP主,虚拟主播,虚拟主播,
122,88,神奇陆夫人,13396,8,419220,1016,神奇陆夫人,盯... ...商务请联系微信：Celinexic,bilibili 知名UP主、直播高能主播,单机游戏,独立游戏,"神奇陆夫人,育碧,单机,解谜游戏,明日方舟"
123,92,永雏塔菲,13699,3,1265680561,22603245,永雏塔菲,"来自1885的互联网偶像！王牌级gamer！商务合作:info@cherrynova.net 日常更在微博,无官方群",bilibili 知名虚拟UP主、直播高能主播,虚拟主播,虚拟主播,"单机游戏,虚拟主播,VUP,永雏塔菲,AceTaffy,永雛タフィー,虚拟偶像"
124,132,依然小智,3228,5,137952,5085,依然小智,商务合作 QQ:690614413 新浪微博weibo.com/edwardstraysky，,bilibili 知名UP主、直播高能主播,单机游戏,其他单机,依然小智
125,143,卡特亚,5040,10,43222001,1455691,卡特亚,商务联系qq1032730000，二次元手游up主，出产各个二次元手游内容...晚些也会播播单机,2021年度巅峰主播、bilibili 2020百大UP主、知名游戏UP主,手游,原神,"崩坏3 rd,明日方舟,战双,公主连结,原神,主机"
126,144,陆鳐LuLu,2799,1,1856528671,23256987,陆鳐LuLu,神秘的个人势电系歌姬！微博/网易云：陆鳐LuLu   商务合作请注明来意：luyeelulu@qq.com,bilibili 知名音乐UP主,虚拟主播,虚拟主播,
127,74,扇宝,7555,1,698438232,22673512,扇宝,逐梦演艺圈的未成年非人类，本体是扇子。梦想是成为超级大明星！商务合作请联系：elainezhao@kugou.net,bilibili 知名UP主,虚拟主播,虚拟主播,"清楚系vup,扇宝,vup,新人vup,歌势"
128,37,HiiroVTuber,14340,2,508963009,21919321,HiiroVTuber,"901 IQ, 不是 425KG 的 debu, cat！在学中文【直播是晚上8点，在动态通知】",bilibili 直播高能主播,虚拟主播,虚拟主播,"英语,VUP,VTUBER,HIIRO,VTB"
129,145,还有醒着的么,4199,1,2100679,56237,还有醒着的么,这里是醒爷，加班画画的！未满16禁止关注！微博推特ID都是 还有醒着的么 p站ID=7660686,bilibili 知名虚拟UP主、直播高能主播,虚拟主播,虚拟主播,"绘画,VUP,醒爷,虚拟主播"
130,146,sh7adow,3960,21,321370945,15013765,sh7adow,粉丝群:552619066 素材可以借用剪辑,,手游,第五人格,
131,147,OldBa1,11186,12,50621949,1569975,OldBa1,微博：OldBa1，啥游戏都玩，抽奖周一到周五发哦！周末工作人员不上班。,2021年度巅峰主播、bilibili 知名游戏UP主、直播高能主播,手游,其他手游,"529,第五人格,人皇"
132,136,Vox_EN_Official,8977,18,1775966996,24731541,Vox_EN_Official,Your Lord Vox Akuma.合作：https://www.anycolor.co.jp/en/contact,,虚拟主播,虚拟主播,"Luxiem,Vox,VTuber,虚拟主播,2434,英语,王小盒,彩虹社,NIJIEN,NIJISANJI"
133,130,梦音茶糯,6908,1,140378,958617,梦音茶糯,来自异国的落魄贵族大小姐！#永远の术力口歌姬#毒舌钢琴家,bilibili 知名虚拟UP主、直播高能主播,虚拟主播,虚拟主播,"治愈,梦音茶糯,虚拟主播,钢琴,翻唱"
134,9,少年Pi,12570,8,13046,92613,少年Pi,这世上的热闹，出自孤单。微博:https://weibo.com/apiww,,单机游戏,其他单机,Pi
135,19,阿梓从小就很可爱,24960,3,7706705,80397,阿梓从小就很可爱,虚拟艺人团体VirtuaReal成员，喜欢宅在家唱歌打游戏的梓宝！ 商务合作：bd@vrp.live,bilibili 直播高能主播,虚拟主播,虚拟主播,"唱歌,可爱,virtuareal,美女,帅哥,apex高手,英雄联盟单排钻三,控温大师"
136,153,许琪i,3522,35,15404163,1181156,许琪i,前线上iGapex职业选手！Q二群：816764321,bilibili 直播高能主播,网游,APEX英雄,"APEX英雄,猎杀者,xuqi"
137,149,折原露露,4617,1,631070414,22389206,折原露露, 一只有一点孤独的长颈鹿。  合作请联络邮箱：orihararuru@foxmail.com ,bilibili 知名虚拟UP主,虚拟主播,虚拟主播,"唱歌,日语"
138,152,冥冥meichan,4558,1,45502,22650610,冥冥meichan,个人势໒꒱° 每天8点后直播(不准时)！不会忘记每分每秒的感动✨商务合作请加2302905180,bilibili 知名虚拟UP主、直播高能主播,虚拟主播,虚拟主播,"每天8点直播,游戏唱歌杂谈下饭"
139,154,泰蕾莎Channel,4110,58,620903,870004,泰蕾莎Channel,个人势一体机，私信偶尔会回复 每晚9点直播 直播通知群：211382730,bilibili 直播高能主播,虚拟主播,虚拟主播,"Vup,虚拟主播,泰蕾莎"
140,22,眞白花音_Official,17550,2,401480763,21402309,眞白花音_Official,这里是真白花音，Chucolala所属的vtuber，请多多关照~ ,2021年度巅峰主播、bilibili 直播高能主播,虚拟主播,虚拟主播,
141,52,Asaki大人,20340,24,194484313,6154037,Asaki大人,每天大概六点半直播ψ(｀∇´)ψ 养猫日常在微博：Asaki大人_ 商务联系微信号：EGMsw003 （不是本人 备注来意）,2021年度巅峰主播、bilibili 知名游戏UP主、直播高能主播,单机游戏,独立游戏,
142,155,啵啵小狗341,4928,3,33605910,2450440,啵啵小狗341,“做一个健康的美女宝”,bilibili 知名音乐UP主,娱乐,视频唱见,美女宝
143,156,清歌清歌-,2270,36,60194879,10094495,清歌清歌-,仿佛有那个大病。                            商务v：EGMsw003 （不是本人 备注来意）,2021年度巅峰主播、bilibili 直播高能主播,网游,永劫无间,FPS电竞选手
144,157,痒局长,3000,10,322892,5441,痒局长,主业打游戏 偶尔拍点小短剧 微博@痒局长 商务合作请联系qq 821858285/其他联系见公告,bilibili 2019百大UP主、直播高能主播,单机游戏,主机游戏,游戏
145,148,老骚豆腐,14430,12,4578433,763679,老骚豆腐,微博：老骚豆腐QAQ.老爷们求关注呀。有问题可以私信我~商业合作加QQ:123439204（备注来意),bilibili 知名游戏UP主、直播高能主播,单机游戏,鹅鸭杀,
146,98,AG超玩会王者荣耀梦泪,18390,11,108569350,4245963,AG超玩会王者荣耀梦泪,AG超玩会王者荣耀项目选手，KPL职业选手。 ,KPL职业选手梦泪,手游,王者荣耀,"王者荣耀,KPL"
147,158,守护茶茶,5039,23,37946996,1440094,守护茶茶,商务VX：18520227789      微博：守护茶茶  抽奖联系QQ：314201529,bilibili 2019百大UP主、知名UP主、直播高能主播,网游,英雄联盟,"守护茶茶,LOL"
148,159,猫神辣椒酱,5040,23,20163112,910819,猫神辣椒酱,猫神撅撅主，承让 承让！٩( ''ω'' )و,bilibili 知名游戏UP主、直播高能主播,单机游戏,主机游戏,"猫神辣椒酱,橘猫,猫神撅,单机游戏,游戏实况"
149,80,大祥哥来了,14460,10,2920960,732602,大祥哥来了,商务合作v：dxg9177 微博：@大祥哥来了,bilibili 2021百大UP主、2019年度黑马UP主、2021年度巅峰主播,手游,原神,
150,151,LGD_Ame,7465,17,2049801772,25836285,LGD_Ame,LGD电子竞技俱乐部选手萧瑟，在这里会看到不一样的我，大家记得一键三连哦！,,网游,DOTA2,
151,160,ywwuyi,2255,29,1472906636,22727121,ywwuyi,Lowblive一期生，君は、刻の涙を見る。,bilibili 直播高能主播,虚拟主播,虚拟主播,
152,161,战术级子轩,4705,37,3519797,13355,战术级子轩,感谢大家喜欢我的直播w 对直播有意见和建议请私信 我会尽力回复,bilibili 直播高能主播,网游,APEX英雄,"战术级子轩,绝地求生,APEX"
153,163,夏夏大魔王_Axx,3140,38,233592835,6750632,夏夏大魔王_Axx,DOTA2游戏主播啊夏夏,bilibili 直播高能主播,网游,DOTA2,
154,165,小深深儿,3295,40,10673533,2807295,小深深儿,wb：小深深儿  粉丝群: 794751317合作微信：zxqyya（非本人请备注来意）,2021直播年度黑马、2021年度巅峰主播、知名舞蹈UP主、直播高能主播,娱乐,舞见,
155,34,C酱です,28665,8,67141,47867,C酱です,一名打游戏的内向野蛮人，做点自己喜欢的事。 商务合作请联系工作人员QQ：407533443 新浪微博@Kinoko7,2021年度巅峰主播、bilibili 知名游戏UP主、直播高能主播,单机游戏,主机游戏,"阿C,小肉包"
156,167,-纯黑-,4650,22,585267,1023,-纯黑-,佛系UP主，只做喜欢且擅长的游戏。每年尽量至少一部“纯黑制作出品”，直播录像填补没有想做的游戏的空白期。微博@纯黑GK,bilibili 2020百大UP主、知名UP主、直播高能主播,单机游戏,主机游戏,
157,117,EdmundDZhang,30270,8,433351,5050,EdmundDZhang,嘿! 我的B站直播: live.bilibili.com/5050,bilibili 2021百大UP主、2021年度巅峰主播、直播高能主播,单机游戏,主机游戏,"老E,主机游戏,单机游戏"
158,168,泪腺战士,9035,42,374377,45104,泪腺战士,微博：weibo.com/holarula,,单机游戏,战神,"PS4,岚少,PS5"
159,150,库库_sama,11993,13,5408366,5194110,库库_sama,我想,bilibili 直播高能主播,网游,APEX英雄,"吃鸡,APEX英雄,技术主播,钢枪主播,白给主播"
160,13,阿萨Aza,18930,4,480680646,21696950,阿萨Aza,虚拟主播团体VirtuaReal成员。你好！我喜欢唱歌打游戏。商务合作请联系bd@vrp.live,bilibili 直播高能主播,虚拟主播,虚拟主播,"VTuber,阿萨Aza,VirtuaReal,NIJISANJI,虚拟主播"
161,68,凉哈皮,20030,12,8618005,6136246,凉哈皮,微博名:凉哈皮不鸽 录屏组：凉哈皮吃人录屏组 qq:798496433  第五人格专业打工人 ,2021年度巅峰主播、bilibili 知名游戏UP主、直播高能主播,手游,第五人格,"第五人格,天才,哈哈哈哈真的,智者,千块腹肌肌肉猛男,水之爸,无敌,榜上sa手"
162,169,不稳定发电机,3240,43,12622108,6653352,不稳定发电机,喜欢的人或许不多，但一定能深深地打动某些人吧。,bilibili直播高能主播,虚拟主播,虚拟主播,"聊天,发呆"
163,45,hanser,23250,9,11073,48743,hanser,VirtuaReal Star成员，澡后挖耳朵，湿湿一大坨，看到无关刷我的烦请举报 请勿争吵（lidesen@bilibili.com,bilibili 2021百大UP主、知名UP主,娱乐,萌宅领域,"聊天,纪实,日常聊天"
164,170,冯提莫,2490,44,436473455,21721813,冯提莫,每周2、3、5、6晚上8点播。微博：冯提莫 （音乐平台同名）商务合作：1323128302@qq.com  ,2021年度巅峰主播、bilibili 2020百大UP主、歌手、直播高能主播,网游,英雄联盟,"可爱,古灵精怪,佛系少女,歌手,峡谷慈善家"
165,173,西安WE丶Best,3638,11,18768997,3208512,西安WE丶Best,我是西安WE丶Best,西安WE王者荣耀分部职业选手,手游,王者荣耀,"职业选手,WE,ADC,王者荣耀"
166,174,自由魂儿儿儿,6729,46,1282271864,23459804,自由魂儿儿儿,通常下午两点直播，偶尔晚上加播，周一休息。最近忙着在稻妻打工。商务合作请联系ziyouhun233@126.com,bilibili 知名虚拟UP主,手游,原神,
167,162,两仪滚,13808,24,183430,5096,两仪滚,  商务合作请加qq：153951540,2021年度巅峰主播、bilibili 知名游戏UP主、直播高能主播,单机游戏,其他单机,
168,172,雷雨Lyy,10470,25,17603188,8864977,雷雨Lyy,好人难当，ta们会觉得你装。商务合作直接私信。,bilibili 知名游戏UP主、直播高能主播,手游,原神,"技术主播,颜值主播,相声主播,整活主播"
169,176,棋手战鹰,2549,47,2051617240,23141761,棋手战鹰,围棋职业二段，女子围甲山西队队员   商务合作请联系邮箱：zhanyingsw@qq.com,,手游,综合棋牌,
170,179,丧妹有点跳,2540,50,4548018,48499,丧妹有点跳,⋆微博丧妹有点跳⋆商务XZ-716⋆粉丝Stiao96⋆小号@扎双马尾的丧尸,bilibili 知名UP主、直播高能主播,娱乐,萌宅领域,"游戏,美妆,美食,日常,睡前,解压,舒缓,丧妹,睡前"
171,181,飞社长,3060,52,11100920,3670448,飞社长,微博：飞社长  V: feishezhangwx,bilibili 知名搞笑UP主、直播高能主播,娱乐,萌宅领域,"日本,搞笑,手办,二次元"
172,142,逍遥散人,39570,6,168598,1017,逍遥散人,快乐 微博：逍遥散人M 工作联系邮箱xysrgame@126.com,2021年度弹幕人气奖UP、bilibili 2021百大UP主、直播高能主播,单机游戏,独立游戏,"逍遥散人,单机游戏"
173,182,CSGO久菜合子,7530,53,437744340,21470918,CSGO久菜合子," 不接开箱网站,其他合作邮箱：shouxinhezuo@outlook.com 粉丝二创请先私信我",bilibili直播高能主播,网游,CS:GO,CSGO
174,166,狗狗狗雨,7377,41,110631,5279,狗狗狗雨,新浪微博：weibo.com/gouyu5279  我的直播间 http://live.bilibili.com/5279,bilibili 知名游戏UP主、直播高能主播,网游,英雄联盟,"英雄联盟,守望麦克雷,黄金矿工,灵魂唱见"
175,177,烛灵儿Hikari,5213,48,399815233,21728563,烛灵儿Hikari,杂谈助眠系！陪伴型个人势v~ 是一只想做大姐姐的憨憨蜡烛精！ 技能是用温柔的声音和可爱的灵魂治愈dd们！ 如果你能喜欢我那就太好啦~,bilibili 直播高能主播,虚拟主播,虚拟主播,"VUP,可爱,温柔,憨憨"
176,184,Kiki向前冲呀,2189,55,85729717,21423462,Kiki向前冲呀,~每天守护你的睡眠~,bilibili 知名UP主、直播高能主播,娱乐,萌宅领域,
177,185,火龙果说电影,4825,56,40665101,23585383,火龙果说电影,只专注精品原创，拒绝劣质搬运！爱你们！,火龙果说电影官方账号，影视UP主,手游,综合棋牌,"大型技术主播 ~,心态沉稳,牌桌哲学家,麻将诗人,雀魂曹长卿,春秋炮甲李淳罡"
178,175,小霖QL,13680,25,36047134,8324350,小霖QL,商务速+q2656264479 价格非常非常好说 只要能接就行。抽卡裙755023692 欢迎各种切片 微博@小霖QL_,bilibili 知名游戏UP主、直播高能主播,手游,原神,
179,186,你的影月月,5193,57,431073645,21414905,你的影月月,"动态里的置顶专栏为攻略目录,商务/合作QQ:3076914156,锄地群：130873504答案：派蒙 ",bilibili 知名游戏UP主、直播高能主播,手游,原神,"声优,手游,肝帝,攻略向,低音炮,提瓦特土著,提瓦特百科全书"
180,171,菠萝赛东°,6033,45,197098,37527,菠萝赛东°,这世界不停开花 我想放进你心里一朵。,bilibili 知名音乐UP主、直播高能主播,单机游戏,主机游戏,"多声线,英雄联盟,永劫无间,菠萝赛东,唱见,二次元,52004,河马,菠萝,主机"
181,178,不知原深,7131,49,1184238527,26526557,不知原深,还在试播中的个人势Vup  请大家多多指教捏,,虚拟主播,虚拟主播,
182,164,longdd黄翔,8490,39,1388514638,23982773,longdd黄翔,龙神唯一更新账号  爱你们秋咪,bilibili直播高能主播,网游,传奇,"dota2,longdd"
183,183,CSGO--德云两鬼,13168,54,384942089,22889518,CSGO--德云两鬼,找枪男妹妹Q群：723313120~商务合作:936509667 DY同号,bilibili直播高能主播,网游,CS:GO,"搞笑逗比,专业解说"
184,180,__小黄瓜__,5340,51,24047117,1621877,__小黄瓜__,商务合作 WX：qdavril，小店叫耳间,bilibili 知名UP主、直播高能主播,娱乐,视频聊天,小黄瓜
185,1,老实憨厚的笑笑,50010,27,8739477,545068,老实憨厚的笑笑,笑笑西卡德云色官方账号 直播间地址：https://live.bilibili.com/7777,职业游戏解说孙亚龙,网游,英雄联盟,
186,100,魔法Zc目录,51360,33,13164144,3044248,魔法Zc目录,每日18:00~22:00欢乐直播！请勿在任何乌有相关内容中刷Zc，尊重角色；商务合作qq271374252,bilibili 2021百大UP主、知名游戏UP主、直播高能主播,手游,明日方舟,"明日方舟,搞笑,单机游戏,游戏"
